Date,Tmin,Tmax
20100101,-6.3,0.7
20100102,-6.4,1.2
20100103,-6.5,-1
20100104,-5.4,-0.6
20100105,-3,1.9
20100106,-5.2,-0.5
20100107,-10,-2.1
20100108,-10.7,-2.1
20100109,-4.9,-0.5
20100110,-1,0.2
20100111,-0.9,0
20100112,-4.2,-0.7
20100113,-5,-1.2
20100114,-3,4.8
20100115,0.1,1.8
20100116,-0.1,1.9
20100117,0.8,6.7
20100118,0.2,5.3
20100119,1.9,5.8
20100120,1.6,5.5
20100121,1.9,3.8
20100122,0.2,4.9
20100123,-0.5,2.4
20100124,-0.7,0.6
20100125,-7.5,-0.6
20100126,-10.1,-3.7
20100127,-11.1,4.5
20100128,0.9,5.2
20100129,-0.3,4.6
20100130,-1.6,1.7
20100131,-0.5,3.7
20100201,-4.1,3.4
20100202,-0.6,5.2
20100203,-1.1,6.2
20100204,1.7,8.2
20100205,2.5,6.5
20100206,1.1,5.7
20100207,0.2,2.4
20100208,-4.5,0.2
20100209,-5,-1.5
20100210,-5.5,-1.2
20100211,-5.3,-0.8
20100212,-6.5,0.9
20100213,-4.3,0
20100214,-4.6,-1.3
20100215,-5.3,-1
20100216,-3.2,1.7
20100217,-4.5,2.6
20100218,1,5.7
20100219,1,5.3
20100220,-3.2,5.1
20100221,-4.5,4.2
20100222,1.7,8.3
20100223,0.8,4.4
20100224,1.5,10.2
20100225,6.8,11
20100226,5.7,10.3
20100227,4.3,9.1
20100228,3.4,10.9
20100301,1.1,7
20100302,-1.8,8
20100303,-3.2,7.1
20100304,-1.3,5.8
20100305,-4.6,6
20100306,-2.5,3.2
20100307,-5,3.9
20100308,-5.1,5.2
20100309,-3.8,5.6
20100310,-2.7,4.8
20100311,-1.2,5.8
20100312,3.1,6.8
20100313,2.8,7.3
20100314,4.8,8.5
20100315,4.8,9.2
20100316,3.7,10.9
20100317,2.7,13.6
20100318,1.3,17.3
20100319,10,14.7
20100320,11.7,16.7
20100321,2,12.3
20100322,0.7,12.5
20100323,4.2,13.7
20100324,8.2,17.9
20100325,10.4,19.7
20100326,7.9,12.4
20100327,7.8,12.7
20100328,7,11.6
20100329,7.5,12.7
20100330,5.6,13.8
20100331,3.9,10.2
20100401,2.5,8.6
20100402,2.1,13.6
20100403,5.4,10.7
20100404,2.7,10.6
20100405,2.8,10.9
20100406,5,16
20100407,8,19.5
20100408,3.3,13.3
20100409,3.5,15.7
20100410,4.1,12.1
20100411,2.3,10.3
20100412,3.8,14.9
20100413,2.8,15.2
20100414,2.7,15.4
20100415,3.8,15.3
20100416,1.5,12
20100417,-0.9,16.6
20100418,-0.1,18
20100419,5.4,13.4
20100420,5.3,12.5
20100421,2.4,9.8
20100422,0.7,12
20100423,-2,14.8
20100424,0.8,19.3
20100425,4.3,23.5
20100426,9.3,16.8
20100427,5,18.9
20100428,5.7,23
20100429,9.3,25.2
20100430,9.8,14.6
20100501,6.3,14.9
20100502,5.5,8.7
20100503,5.4,7.5
20100504,4,11.2
20100505,1.1,13.2
20100506,3.9,13.9
20100507,5.8,9.4
20100508,7.3,10.9
20100509,5,11.8
20100510,2,11
20100511,4.4,11.5
20100512,4.5,7.7
20100513,3.9,9.2
20100514,1.8,12.8
20100515,0.5,14.6
20100516,8.2,15.5
20100517,5.8,15.9
20100518,3.4,15.7
20100519,5.1,17.1
20100520,3.4,20.7
20100521,9.6,20.1
20100522,8.5,19.8
20100523,8.2,23.7
20100524,10.2,22.5
20100525,8.1,18.1
20100526,6.6,13
20100527,6.7,15.4
20100528,4,17.2
20100529,4.4,21
20100530,9.4,15.9
20100531,9.8,17.2
20100601,5.8,18.5
20100602,10.4,21.4
20100603,9.4,21.6
20100604,9.3,23.3
20100605,9.3,26.5
20100606,12.4,26.1
20100607,11.5,18.8
20100608,11.5,23
20100609,15.3,20.1
20100610,15.9,21.7
20100611,9.7,20.1
20100612,8.1,19.1
20100613,9,16.6
20100614,9.7,21.5
20100615,9.3,16.8
20100616,8.3,22
20100617,10.2,23.1
20100618,10.8,15.9
20100619,9.5,15.7
20100620,9.8,14
20100621,6.7,18.2
20100622,4.3,20.9
20100623,7.5,25.9
20100624,10.4,27
20100625,12.2,24.6
20100626,10.6,25.5
20100627,12.3,28.4
20100628,12.7,29.8
20100629,11.1,26.6
20100630,14.2,27
20100701,14.2,28.4
20100702,20.5,33.6
20100703,16,27.8
20100704,14.5,25.8
20100705,13.7,23.6
20100706,9,20.9
20100707,8,25.7
20100708,13.2,28.9
20100709,14.6,34.4
20100710,16.5,32.7
20100711,18.4,29.3
20100712,16.9,25.8
20100713,14.4,26.5
20100714,17.3,28.6
20100715,16.3,22.5
20100716,15,24.1
20100717,11.8,21.1
20100718,10.2,23.3
20100719,11.8,27.5
20100720,13.7,29.3
20100721,18.7,25.9
20100722,12.5,23.5
20100723,10.5,22.6
20100724,12.6,20.4
20100725,12.1,19.8
20100726,12.5,20.6
20100727,11.9,21.2
20100728,14.4,22.3
20100729,13.8,20.7
20100730,13.5,22.7
20100731,14.1,21.5
20100801,12.8,22.8
20100802,10.6,20.1
20100803,10.7,22.1
20100804,13.9,20.1
20100805,9.1,20.2
20100806,7.6,23.3
20100807,14.4,20.8
20100808,12.3,20.9
20100809,12.3,22.3
20100810,11.6,22.5
20100811,9.6,21.3
20100812,8.2,20.3
20100813,9.5,21
20100814,10.1,24.2
20100815,15.3,20.2
20100816,16.6,22.3
20100817,15.1,18
20100818,14.4,19.9
20100819,13.2,21
20100820,14.3,27.6
20100821,17.5,25.9
20100822,17.4,22.5
20100823,16.8,21.4
20100824,13.5,19.9
20100825,13.6,20.5
20100826,13.5,20.4
20100827,10.1,17.2
20100828,8.6,18.4
20100829,9.7,16.7
20100830,10.1,17.9
20100831,6.7,18.7
20100901,5.9,18.5
20100902,6.2,17.7
20100903,7.6,19.6
20100904,7,19.5
20100905,7.2,19.7
20100906,9,20.5
20100907,10.8,15
20100908,12.3,21
20100909,11.2,20.8
20100910,11.2,18.3
20100911,14.9,23.3
20100912,9.5,19.1
20100913,7.8,19.1
20100914,13.5,16.7
20100915,10.4,17.1
20100916,9,17.2
20100917,8.6,15
20100918,7.4,16.7
20100919,8.3,16.2
20100920,12.6,18.1
20100921,9.7,18.6
20100922,8.7,22.5
20100923,11.7,20.8
20100924,12.2,17.8
20100925,7.8,15
20100926,4.4,14.4
20100927,4.3,12.7
20100928,8.5,15
20100929,5.8,14.2
20100930,6.5,14.9
20101001,6,17
20101002,12.2,18.2
20101003,14.7,22.3
20101004,13,22
20101005,13.6,19.5
20101006,12.3,19.2
20101007,9.7,16.9
20101008,11.1,16.3
20101009,9.5,19.4
20101010,7.1,17.9
20101011,4.6,16.2
20101012,5.1,13.4
20101013,2.8,13
20101014,2.3,12.5
20101015,7.6,12.8
20101016,4.2,10.3
20101017,-1,10.7
20101018,-1.8,12.6
20101019,6.8,12.7
20101020,3.5,9.3
20101021,2.9,11.5
20101022,6.7,12.5
20101023,4.8,8.6
20101024,2.9,11.7
20101025,0,11.3
20101026,-0.1,10.1
20101027,6.7,10.7
20101028,8.9,13.6
20101029,5.9,13.1
20101030,6.9,13.4
20101031,5.4,13.3
20101101,5,9.2
20101102,8.3,13
20101103,10.7,14.7
20101104,14.5,15.9
20101105,9.4,15
20101106,7.4,11.6
20101107,0.8,8.2
20101108,0.3,8
20101109,4.2,5.3
20101110,2.4,8.5
20101111,3.4,10.7
20101112,9.8,12.8
20101113,8.8,11.5
20101114,8.4,13.2
20101115,0.2,10.6
20101116,-1.1,6
20101117,0.6,5.3
20101118,4,6.9
20101119,4.2,8.7
20101120,4.1,9.4
20101121,2.7,8.3
20101122,1.8,6.3
20101123,1.5,7.6
20101124,0.4,6.3
20101125,0.1,4.8
20101126,-2.8,3.8
20101127,-4.4,1.6
20101128,-5.2,0.5
20101129,-4.5,-0.7
20101130,-3.7,-0.5
20101201,-7.8,-3.7
20101202,-7.9,-6.1
20101203,-9.7,-2.5
20101204,-6.3,0.8
20101205,-1.1,4.7
20101206,-3.3,2.3
20101207,-3.8,-1.3
20101208,-4.7,-0.4
20101209,-2.4,5.4
20101210,-1,7.1
20101211,6,8
20101212,-3.4,6.8
20101213,-6.5,2
20101214,-5.9,0.1
20101215,-5.7,3.6
20101216,-2.7,4.5
20101217,-5.6,-0.6
20101218,-6,-1.5
20101219,-5.7,-3.9
20101220,-11.1,-4.7
20101221,-8.5,-1.6
20101222,-2.9,-1.1
20101223,-2.2,0
20101224,-2.4,-0.3
20101225,-3.3,0.6
20101226,-5.9,4.8
20101227,-1.6,0.9
20101228,-0.3,1.2
20101229,-1.6,1.8
20101230,-5.5,1.9
20101231,0.6,3.7
20110101,-0.3,5.9
20110102,-0.7,5.3
20110103,-3.6,3.6
20110104,-0.1,2.4
20110105,-1.5,3.5
20110106,3.3,5.2
20110107,-0.5,9.2
20110108,4.9,12
20110109,1,6.7
20110110,-2.5,4.9
20110111,-0.3,6.2
20110112,2.9,8.5
20110113,8.3,10.6
20110114,7.5,11.6
20110115,7,10
20110116,8,12.5
20110117,5,9.6
20110118,1.9,6.1
20110119,1.4,6.6
20110120,-2.8,5
20110121,-3.8,3.7
20110122,2.2,6.1
20110123,2.3,6.6
20110124,4.5,6.8
20110125,0.7,6.9
20110126,-0.4,4
20110127,-3.1,1.4
20110128,-4.9,1.1
20110129,-5.6,0.6
20110130,-5.3,1.4
20110131,-2.9,-0.1
20110201,-3.3,2.4
20110202,2.2,4.5
20110203,3.9,8
20110204,6.5,10.4
20110205,10.3,11.6
20110206,8.4,11.3
20110207,7.1,10.4
20110208,-2.8,9.2
20110209,-3.7,9.4
20110210,3.6,10.4
20110211,4.7,9.5
20110212,3.1,8.5
20110213,3.4,8.1
20110214,4.4,8.2
20110215,3.5,7.9
20110216,2,10.4
20110217,0.6,10.1
20110218,0.4,1.5
20110219,0.6,5
20110220,-2.4,2.7
20110221,-4.6,2.1
20110222,-6.4,2.5
20110223,-2.3,3.7
20110224,0.9,6.8
20110225,5.1,8.1
20110226,6,9.5
20110227,1.3,6.2
20110228,1,3.4
20110301,1.2,4.1
20110302,-1.4,6.4
20110303,-2.5,6
20110304,-3.7,4.7
20110305,-0.7,6.1
20110306,-2.8,6.7
20110307,-2.9,7.9
20110308,-1.3,11
20110309,4.3,10.1
20110310,4.3,10.3
20110311,1,10.6
20110312,0.7,12.7
20110313,9.1,13.1
20110314,8.3,13.8
20110315,7.9,16.4
20110316,4.7,11.9
20110317,4.5,8.4
20110318,4.5,9.5
20110319,-1.7,10.2
20110320,-2.8,11.8
20110321,-2.9,14.3
20110322,-1.2,16.2
20110323,2.5,15
20110324,0,16.6
20110325,3.6,14.8
20110326,0.7,8
20110327,-0.6,12.9
20110328,-1.9,10.2
20110329,-2.5,14.6
20110330,0.3,15.4
20110331,9.2,14
20110401,9.9,16.1
20110402,9,23.2
20110403,9.2,15.3
20110404,8.2,14.1
20110405,7,11.9
20110406,10.3,20.8
20110407,6,16.4
20110408,3.5,16.3
20110409,5.6,16.2
20110410,4.4,18.7
20110411,4.5,22
20110412,5.6,11.2
20110413,1.2,13.2
20110414,1.4,12.6
20110415,2.2,16.3
20110416,2.4,16.9
20110417,7.6,17.9
20110418,3,18.8
20110419,7.5,23.8
20110420,5.6,24.6
20110421,6.3,25
20110422,9.2,26.3
20110423,9.9,26.3
20110424,8.9,26
20110425,7.8,23.9
20110426,7.1,21.2
20110427,9.4,15.7
20110428,10.9,19
20110429,10.1,22.9
20110430,9.8,21.4
20110501,6.9,18.5
20110502,5.3,14.8
20110503,2.2,14.1
20110504,0.3,14.1
20110505,0,18.4
20110506,5.1,22.3
20110507,10.9,27.8
20110508,15.8,26.9
20110509,11,20.4
20110510,10.1,23.2
20110511,9,20.9
20110512,8.3,17.4
20110513,8,18.7
20110514,7.4,15.5
20110515,8.4,15.4
20110516,11,15
20110517,10.7,16.8
20110518,11.5,16.9
20110519,6,16
20110520,4,21.2
20110521,4.8,22.1
20110522,10.7,18.6
20110523,10.3,21.4
20110524,9.9,16.2
20110525,5.9,21.5
20110526,11.6,17.9
20110527,9.5,15.2
20110528,9.5,16.5
20110529,12.5,21.7
20110530,9.1,28.1
20110531,9.5,16.7
20110601,4.9,20
20110602,5.2,22.2
20110603,12.2,25.1
20110604,13.8,27.7
20110605,13.2,21.5
20110606,11.6,21.3
20110607,11.4,19.5
20110608,11.1,18.4
20110609,7.2,18.6
20110610,5.7,19.8
20110611,5.9,16.3
20110612,4.7,18.3
20110613,13.7,19.6
20110614,10.3,20.8
20110615,9.8,23.3
20110616,12.6,17.7
20110617,11.2,17.5
20110618,10.7,17.2
20110619,11.8,16.6
20110620,11.1,19.1
20110621,14.4,21.1
20110622,14.6,17.6
20110623,12.3,19
20110624,10.5,18.2
20110625,11.7,16.7
20110626,16.2,23.7
20110627,15.8,30.2
20110628,19.2,32.2
20110629,11.4,19.6
20110630,8.8,19.7
20110701,9.5,18.4
20110702,8.6,17.6
20110703,9,19
20110704,9.8,20.5
20110705,9.2,24.3
20110706,11.1,21.2
20110707,11.8,22.1
20110708,13.3,21.5
20110709,12.2,20.8
20110710,9.7,22.5
20110711,9.3,23.7
20110712,13.5,23.8
20110713,12.7,14.1
20110714,12.5,16.3
20110715,12.8,22.2
20110716,12.9,21.1
20110717,13.4,19.2
20110718,13.9,17.3
20110719,11.6,20.8
20110720,14.5,22.6
20110721,12.5,20.2
20110722,12.6,18.6
20110723,11.3,17
20110724,11,13.3
20110725,7.1,19.7
20110726,13.3,18.6
20110727,12.5,21.7
20110728,15,24.3
20110729,12.7,18.9
20110730,13.1,16.8
20110731,8,18.1
20110801,6.1,21.7
20110802,11.5,26.7
20110803,14.1,23.4
20110804,12.7,25.3
20110805,15.4,22.9
20110806,14.3,24.6
20110807,13.7,20.5
20110808,13,19.1
20110809,11.8,17.3
20110810,9.3,20.1
20110811,15.4,21.1
20110812,13.4,21.1
20110813,13.4,20
20110814,13.8,21.2
20110815,11.6,21.1
20110816,12.4,21.8
20110817,13.4,22.2
20110818,13.6,19.4
20110819,9.3,19.7
20110820,9.3,23.1
20110821,12.1,27.4
20110822,12.2,23.4
20110823,15.1,24.2
20110824,14.7,20.9
20110825,10.3,24.2
20110826,14.7,21.2
20110827,11.6,18.3
20110828,11.4,16.6
20110829,9.2,16.5
20110830,8.2,18.1
20110831,8.6,17.9
20110901,6.1,19.1
20110902,7.4,25.1
20110903,11.9,27.9
20110904,14.7,22.1
20110905,12.2,19
20110906,13.7,16.6
20110907,12.8,17.7
20110908,12.5,16.6
20110909,15.6,20
20110910,15.1,25.4
20110911,14.8,20.1
20110912,14.3,21
20110913,11.6,18.7
20110914,11.3,17.9
20110915,9,18.7
20110916,7.3,19.2
20110917,12,17.3
20110918,7.6,16.6
20110919,6.7,17.9
20110920,11.4,18.7
20110921,14.1,18.6
20110922,9.2,17.8
20110923,7.8,18.5
20110924,6.3,20.9
20110925,7.1,22.7
20110926,11.5,23.1
20110927,10.3,20.6
20110928,8.9,23.8
20110929,12.3,25.2
20110930,10.5,24.1
20111001,8.8,26
20111002,7.7,25.6
20111003,9.9,24.3
20111004,15.4,20
20111005,15.7,18.3
20111006,8.3,17.6
20111007,8.2,14.2
20111008,7.2,13.5
20111009,6,17
20111010,16.3,17.9
20111011,13.3,17.3
20111012,9.8,13.6
20111013,3.3,14.6
20111014,1.9,14.6
20111015,0.4,13.9
20111016,2.9,14.4
20111017,4.6,16.1
20111018,8,13.8
20111019,4.5,13.7
20111020,2.5,10.8
20111021,1.6,12
20111022,2.1,10.1
20111023,3.4,13.7
20111024,5.1,13.1
20111025,8.5,12.7
20111026,7.6,13.7
20111027,7.1,15.2
20111028,8.7,17.1
20111029,7.3,17
20111030,11.9,14.3
20111031,10.8,16.6
20111101,9.1,17
20111102,9.7,14.2
20111103,11.4,16.7
20111104,12.4,18.3
20111105,7.2,17
20111106,7.7,12.4
20111107,9,10.6
20111108,4.8,11.6
20111109,5.2,13.1
20111110,2.7,7.4
20111111,4.8,10.1
20111112,3.3,10.8
20111113,0.6,7.8
20111114,-1.1,8.8
20111115,-1.2,5.1
20111116,-1.5,7.7
20111117,-0.9,8
20111118,2.4,10
20111119,-0.4,10.4
20111120,-0.5,4.6
20111121,-0.2,3.2
20111122,-0.9,9.1
20111123,4.8,11.6
20111124,6.7,10.6
20111125,7.5,10.1
20111126,4.7,11.1
20111127,6.6,13.7
20111128,0.7,9.1
20111129,4.9,10
20111130,5,10.9
20111201,4.9,12.3
20111202,4.7,9.8
20111203,5.3,10.6
20111204,5.1,9
20111205,3.5,7.6
20111206,3.4,7.7
20111207,3.9,8.5
20111208,4.1,10.7
20111209,2.5,8.6
20111210,1,6.8
20111211,1.5,6.2
20111212,4.9,9
20111213,5.2,10.8
20111214,3.5,6.6
20111215,3.5,6.6
20111216,1.6,5.1
20111217,1.1,7.7
20111218,0.5,5.6
20111219,-0.1,5.1
20111220,0.8,8.3
20111221,4.7,6.4
20111222,6.2,10.2
20111223,6.1,10.4
20111224,5.3,8.2
20111225,6.9,10.6
20111226,10.2,12
20111227,7.7,10.2
20111228,5.7,7.8
20111229,4.7,7.8
20111230,3.8,8
20111231,3.7,10.7
20120101,10.2,12.9
20120102,4.6,10.3
20120103,4.8,10.7
20120104,5.4,8.6
20120105,4.9,10.2
20120106,4.2,8.8
20120107,5.1,9.4
20120108,5.5,8.4
20120109,6.5,9.5
20120110,2.2,9.3
20120111,7.5,9
20120112,5.2,10.5
20120113,3.7,7.5
20120114,-0.1,7.3
20120115,-2.1,6.6
20120116,-4.4,4.8
20120117,-5.3,6.1
20120118,-1.8,6.2
20120119,5,8.1
20120120,2.4,6.8
20120121,3.4,10.9
20120122,5,9.9
20120123,2.9,8
20120124,0,5.9
20120125,2.9,5.2
20120126,3.6,6.2
20120127,1.4,8
20120128,-1.1,6.8
20120129,-1.7,0.8
20120130,-2.7,-1.2
20120131,-6.6,-1.1
20120201,-7.9,-1.3
20120202,-8.8,-3.5
20120203,-15.9,-5.1
20120204,-18.9,-4.5
20120205,-10.2,-5.1
20120206,-14.6,-3.3
20120207,-15.3,-3.7
20120208,-8.9,-0.9
20120209,-9.7,0.5
20120210,-10.8,-2.1
20120211,-11.9,-3
20120212,-9.8,-0.5
20120213,-0.5,5
20120214,3.1,5.9
20120215,4,6.8
20120216,4,7.5
20120217,4.5,9.5
20120218,3.5,9.1
20120219,-1.2,6
20120220,-3.4,6.4
20120221,2.8,9.3
20120222,5.2,9
20120223,6,12.9
20120224,2,9.9
20120225,0.1,10.3
20120226,5.4,9.6
20120227,3.3,8.2
20120228,7.6,9.8
20120229,8.2,9.5
20120301,8.3,10.1
20120302,6,13.1
20120303,6.3,12.5
20120304,2.9,11.3
20120305,4.2,8.4
20120306,0.1,9.7
20120307,-0.5,6.2
20120308,2.5,9.2
20120309,4.1,10.6
20120310,7.6,11.5
20120311,4.6,13.8
20120312,1.1,13.5
20120313,7,9.5
20120314,0.5,8.6
20120315,-1.6,15.1
20120316,2.7,11.8
20120317,5.7,12.5
20120318,2.4,9.9
20120319,-1.9,11.6
20120320,3.4,13.6
20120321,1.2,16
20120322,5.1,19.2
20120323,5.6,19.7
20120324,4.6,17.9
20120325,3.9,16.9
20120326,2,16.6
20120327,1.6,18.2
20120328,2.9,18.4
20120329,4.2,11.7
20120330,7.1,10.1
20120331,1,9.3
20120401,-2.3,9.7
20120402,2.2,13.5
20120403,1.7,14.1
20120404,5.4,9
20120405,1.7,10.2
20120406,-1.1,11.2
20120407,2,7.9
20120408,-0.4,9.7
20120409,6.8,10.1
20120410,7.5,11.2
20120411,4.1,12.7
20120412,2.1,12.5
20120413,2.3,11.7
20120414,1.8,12.6
20120415,3.6,9.6
20120416,-1.4,10.1
20120417,-2.4,10
20120418,3.8,13.2
20120419,4.1,13.4
20120420,4.6,13.3
20120421,5.1,11.9
20120422,6,13.3
20120423,6.4,14.4
20120424,6.9,13.5
20120425,6.3,13.4
20120426,9.2,14.6
20120427,9.8,16
20120428,8.9,12.4
20120429,7.5,18.4
20120430,5,22.4
20120501,10.4,19.2
20120502,9.3,19.8
20120503,11,14.3
20120504,7,12
20120505,6.8,10.1
20120506,4.9,11.8
20120507,2,15.1
20120508,9.7,17.6
20120509,13.6,18.9
20120510,15.2,21.8
20120511,7.3,17.4
20120512,2.7,13.1
20120513,0.9,14.3
20120514,3.6,16.6
20120515,7.6,12.4
20120516,2.3,12
20120517,1.6,15
20120518,9.4,19.1
20120519,11.4,20.6
20120520,12.5,22.7
20120521,13.3,24.7
20120522,14.7,28.4
20120523,13.5,28.8
20120524,16.9,28.3
20120525,14.8,25.7
20120526,14.2,25.6
20120527,12.2,26.6
20120528,11.2,24.3
20120529,8.8,18.5
20120530,8.4,22.3
20120531,12.1,18.4
20120601,6.9,16.1
20120602,4.6,16.4
20120603,8.2,11
20120604,6.4,11.4
20120605,3.3,15.7
20120606,9.8,18.7
20120607,11.8,20.9
20120608,11,19.2
20120609,11.3,15.9
20120610,9.7,20.1
20120611,12.9,20
20120612,10.6,16.5
20120613,5.4,15.3
20120614,3.7,18
20120615,11.1,19.3
20120616,13.3,19.9
20120617,10.1,19.5
20120618,8.6,18.7
20120619,7.2,20.9
20120620,12.5,21.8
20120621,14,21.9
20120622,12.7,18.4
20120623,12.2,19.3
20120624,11.9,16.7
20120625,10.5,17.3
20120626,7.7,22.5
20120627,15.6,20.9
20120628,13.9,27.9
20120629,16.2,22.3
20120630,15.1,24.2
20120701,12.2,19.1
20120702,11.8,21.3
20120703,13.9,23.5
20120704,15.8,26.5
20120705,15.5,27.4
20120706,13.5,22.9
20120707,12.3,24
20120708,15.1,19.7
20120709,13.8,19.4
20120710,13.8,19.6
20120711,12.9,19.2
20120712,11.4,18.6
20120713,12.9,20.5
20120714,13.1,17.8
20120715,11.8,18.5
20120716,13.6,17.7
20120717,15.5,19.5
20120718,15.1,19.2
20120719,11.4,18.1
20120720,9.1,19.1
20120721,7.5,18.4
20120722,6.2,20.9
20120723,10.4,25.6
20120724,10.7,28.9
20120725,13.3,28.7
20120726,15.7,27
20120727,15.9,28.7
20120728,15.5,22.1
20120729,11.4,20.7
20120730,11.3,19.5
20120731,12.3,17.9
20120801,11.8,26.9
20120802,12.6,21.4
20120803,12.2,23
20120804,14,23.7
20120805,13.1,23.8
20120806,15.2,20.4
20120807,14.3,19.2
20120808,12.4,20.7
20120809,10,21.9
20120810,7.6,21.9
20120811,9.3,21.3
20120812,12.6,24.1
20120813,14,24.5
20120814,15.2,26.2
20120815,14.4,28.8
20120816,13.5,24.1
20120817,15.1,27
20120818,15.9,32
20120819,17.6,33
20120820,16.2,27
20120821,14.9,26.7
20120822,15.7,22.1
20120823,13.5,23.1
20120824,13,23.9
20120825,15.3,21.8
20120826,10.5,19.6
20120827,9.7,21.8
20120828,11.6,22.8
20120829,10.2,24.1
20120830,13.4,21
20120831,9.1,17.1
20120901,6.6,19.3
20120902,10.2,19.6
20120903,11.7,23
20120904,9.7,24.7
20120905,12.5,20.1
20120906,11.2,19.6
20120907,12.3,23.2
20120908,11.8,25.4
20120909,9.1,28.1
20120910,13,23.3
20120911,9.3,18.2
20120912,9,16.9
20120913,8.3,17.1
20120914,11.2,17.5
20120915,8.2,19.1
20120916,7.1,19.3
20120917,14.3,19.9
20120918,8.3,17.4
20120919,4.8,15
20120920,4.6,15.7
20120921,9.7,16.2
20120922,3.7,16.1
20120923,2.2,13.6
20120924,9.7,21.6
20120925,11.2,16.8
20120926,10.8,16.1
20120927,9.7,16.6
20120928,9.8,17.1
20120929,10.1,15.8
20120930,7.9,16.5
20121001,10,18.7
20121002,12.8,17.8
20121003,10.4,15
20121004,10,15.1
20121005,9.8,16.4
20121006,3.3,15.3
20121007,2.6,15.3
20121008,1.5,13.8
20121009,2,14.2
20121010,2,14.5
20121011,1.7,14.3
20121012,8.2,14.4
20121013,7.5,11.3
20121014,6.3,11.8
20121015,7.4,13.5
20121016,8.8,15
20121017,7,15.7
20121018,13,18.6
20121019,13.1,21.2
20121020,13.4,16.4
20121021,11.5,14.8
20121022,12.3,22
20121023,11.7,18.2
20121024,10.7,13.7
20121025,8.6,13.3
20121026,0.1,8.6
20121027,-1.6,8.2
20121028,-2.8,10.2
20121029,5.4,9.5
20121030,3.2,9.6
20121031,3.5,12.5
20121101,6.2,10.6
20121102,4.8,10
20121103,3.3,8.9
20121104,1.2,9.3
20121105,3.4,10.4
20121106,-0.3,11.3
20121107,9.4,10.8
20121108,9,11.7
20121109,7.9,10.7
20121110,8,11.3
20121111,6.7,11.5
20121112,4.6,7.7
20121113,7.1,10.4
20121114,1,12.6
20121115,0,5.5
20121116,1.8,5.1
20121117,1.9,8.4
20121118,-1.2,10.3
20121119,-1.5,10.2
20121120,6,12.3
20121121,3.3,10.6
20121122,5.8,11.3
20121123,2.9,8.2
20121124,0.6,9.3
20121125,7.5,13.1
20121126,5.2,9.9
20121127,2,8.7
20121128,-0.3,9.3
20121129,1,7
20121130,-2.8,7
20121201,2.6,5.2
20121202,-1.5,5.8
20121203,-1.1,7.2
20121204,-0.1,6.7
20121205,-1.2,3.7
20121206,-3.1,3.6
20121207,-1.2,1.6
20121208,-8.3,2
20121209,1.8,8.4
20121210,-0.3,6.2
20121211,-1.9,3.3
20121212,-0.5,4.2
20121213,-2.6,0.5
20121214,0.3,9.6
20121215,6.9,9.7
20121216,4.5,8
20121217,4.2,7.8
20121218,4.1,7.1
20121219,4.1,6.1
20121220,2.6,4.2
20121221,2.6,7.9
20121222,6.7,10.4
20121223,9.9,13
20121224,7.4,12.7
20121225,7.4,10.5
20121226,6.3,9.4
20121227,4.5,9.8
20121228,2,10.5
20121229,9.2,12
20121230,5.7,9.4
20121231,8.7,10.4
20130101,4.9,8.8
20130102,4.1,8.6
20130103,7.6,11.6
20130104,8.3,10.3
20130105,7.4,8.8
20130106,6.9,10.1
20130107,6.1,8.4
20130108,6,8.4
20130109,4,7.9
20130110,-0.5,7.7
20130111,-2.4,3.8
20130112,-2.5,3.2
20130113,-5.1,0.6
20130114,-7.4,-1.9
20130115,-5.8,-1.6
20130116,-12.9,-1.7
20130117,-7.4,-2.8
20130118,-3.4,-0.1
20130119,-5.2,-2.4
20130120,-5.9,-2.7
20130121,-2.8,-1.1
20130122,-8.4,-1.3
20130123,-9.3,-2.8
20130124,-6.9,-0.4
20130125,-11.4,-1.9
20130126,-4.4,1.5
20130127,1.3,6.1
20130128,2.7,8.3
20130129,8.3,13
20130130,7.7,13
20130131,6.4,10.1
20130201,1.8,7.4
20130202,1.2,6.2
20130203,2.2,7.4
20130204,6.6,10.2
20130205,0.9,6.7
20130206,0.2,5.7
20130207,0.4,5.5
20130208,-1.6,4.2
20130209,-3,1.1
20130210,-1.8,1.1
20130211,-3.6,0.8
20130212,-3.7,0.7
20130213,-5.2,2.2
20130214,-2.2,1.3
20130215,1.1,8
20130216,2.4,7.8
20130217,-1.9,7.3
20130218,-1.4,7.1
20130219,-1.7,6
20130220,-2.4,3
20130221,-2.9,1.1
20130222,-4,1.3
20130223,-4.6,0.7
20130224,-1.1,0.9
20130225,0.8,2.7
20130226,0.8,6
20130227,-0.2,2.5
20130228,0.6,5.2
20130301,2.5,5
20130302,1.9,4.5
20130303,-1,6.2
20130304,-2.4,10.9
20130305,2.4,15.9
20130306,4.8,16.8
20130307,7.3,11.2
20130308,6,13.1
20130309,1,6.2
20130310,-1.5,1
20130311,-3,-1.2
20130312,-6.9,0.5
20130313,-7.4,5.7
20130314,-5.2,3.6
20130315,-5.4,3.3
20130316,2.7,7.7
20130317,2.9,9.1
20130318,1.3,10.3
20130319,0,6.6
20130320,0.6,2.7
20130321,-2.6,5.9
20130322,-2.9,4.1
20130323,-2.6,2.3
20130324,-3.6,3
20130325,-2.4,4.1
20130326,-2.9,5.5
20130327,-3.5,6.3
20130328,-3.1,4.2
20130329,-3.4,2.7
20130330,-3.9,4.8
20130331,-5.3,4.3
20130401,-3,7.5
20130402,-2.7,8.4
20130403,-0.5,8.6
20130404,0.4,4.7
20130405,1.2,7.4
20130406,-3,9.1
20130407,-2.4,9.4
20130408,-0.3,11.1
20130409,2.2,10.6
20130410,0.9,11
20130411,3.9,10.4
20130412,4.5,14.1
20130413,5.3,14.9
20130414,11,21
20130415,5.8,16.8
20130416,5,17.2
20130417,8.1,20.7
20130418,8.4,17.1
20130419,3.9,12.1
20130420,-1.8,12.2
20130421,-0.3,14.4
20130422,-1.8,15.2
20130423,6.5,14.7
20130424,5.9,20
20130425,9.8,22.8
20130426,4.3,12.4
20130427,1.1,11
20130428,0.7,12.8
20130429,2.7,12.8
20130430,2.4,13.2
20130501,2.4,17.4
20130502,5.9,17
20130503,5.2,19
20130504,3.6,17.4
20130505,7.2,18.8
20130506,4.6,23.1
20130507,9.8,23.2
20130508,12.6,21.9
20130509,7.8,17
20130510,9.4,15.8
20130511,8,13.7
20130512,6.7,13.1
20130513,7.7,13.7
20130514,6.1,12
20130515,4.9,17.2
20130516,4,11.2
20130517,8.1,10.4
20130518,5.1,12.8
20130519,3.5,15.1
20130520,10.1,12.6
20130521,8.6,11.5
20130522,4,12.3
20130523,4,10.4
20130524,3.1,12.5
20130525,2.8,13.9
20130526,8,12.4
20130527,7,19.5
20130528,9,21.6
20130529,10.1,12.4
20130530,10.6,16.8
20130531,10.7,20.6
20130601,8.4,15.4
20130602,6.7,17.7
20130603,5.7,14.8
20130604,7.9,21
20130605,8.8,21.9
20130606,10.4,25.2
20130607,10.9,24.7
20130608,9.9,19.8
20130609,8.8,16.9
20130610,6.7,17.2
20130611,5.6,21.6
20130612,16,21.8
20130613,13.3,18.7
20130614,9.1,19.1
20130615,8.7,18.9
20130616,8.7,18.9
20130617,7.7,24
20130618,14,30.4
20130619,17.6,26.4
20130620,16.8,22.8
20130621,15.2,19.5
20130622,13.6,19.2
20130623,12.4,18.4
20130624,11.5,16.1
20130625,6.4,17.4
20130626,5.4,17.6
20130627,10.6,15.3
20130628,11.1,17.1
20130629,7.8,17.5
20130630,7.4,22.2
20130701,10.4,19.3
20130702,9.6,20.8
20130703,14.8,19.1
20130704,15.3,22.5
20130705,13.6,23.5
20130706,11.4,25.2
20130707,11.9,25.1
20130708,13.7,25.1
20130709,12.7,23.4
20130710,13.1,19.5
20130711,10.8,18.2
20130712,7.3,19.4
20130713,9.4,21.8
20130714,10.2,22.5
20130715,11.4,26
20130716,11,26
20130717,15.1,26.3
20130718,15.3,27.1
20130719,13.1,25.7
20130720,13.9,22.6
20130721,15.2,30.4
20130722,15.2,32.6
20130723,15.8,31.6
20130724,14,26.9
20130725,12.5,29
20130726,15.2,26.9
20130727,17,25.4
20130728,14.6,23.4
20130729,14.8,24.3
20130730,15.9,20.5
20130731,17.5,22.5
20130801,19.4,30.7
20130802,19.6,34
20130803,12.7,23.4
20130804,12.1,26.2
20130805,12.3,29.2
20130806,13.9,22.2
20130807,12.9,17.1
20130808,11.1,21.9
20130809,9.7,23.2
20130810,10,19.9
20130811,11.6,21.9
20130812,11.3,21.1
20130813,9.3,19.7
20130814,9.1,21.8
20130815,8,20.7
20130816,12.5,26.9
20130817,16.6,22.9
20130818,13.8,22.6
20130819,10.3,21.1
20130820,8.4,21.2
20130821,10.4,24
20130822,10.5,21.6
20130823,13.6,26.2
20130824,15.2,23.5
20130825,13.7,22.4
20130826,12.8,24
20130827,10.2,24.2
20130828,10,24.1
20130829,9.2,24.2
20130830,10,23.3
20130831,8.7,21.1
20130901,7.2,17.9
20130902,13.6,19.6
20130903,13.6,23.6
20130904,12.2,26
20130905,14.3,30.3
20130906,13.4,27.9
20130907,13,19.8
20130908,11.9,18.6
20130909,10.7,17.8
20130910,10.7,15.9
20130911,10.3,19.4
20130912,11.5,19.6
20130913,9,17.8
20130914,9.8,17.9
20130915,7.3,17.2
20130916,8,15.7
20130917,8.6,14.3
20130918,8.9,15.7
20130919,9.3,15.3
20130920,7.6,16.8
20130921,6.9,17.7
20130922,14,21.1
20130923,10.2,20
20130924,12.4,18.2
20130925,10.1,18.6
20130926,7.3,16.4
20130927,5.6,16.7
20130928,6.3,17.4
20130929,8.5,17.9
20130930,6.8,16.5
20131001,5.2,16.5
20131002,5.1,15.2
20131003,7.4,17.5
20131004,10.9,21.9
20131005,9.1,19.4
20131006,6.8,18
20131007,5.3,17.6
20131008,7.1,18.2
20131009,8.2,15.8
20131010,6.1,13
20131011,6.2,8.6
20131012,4.1,10.9
20131013,7.6,9.3
20131014,8.9,11.2
20131015,5.6,11.8
20131016,4,14.2
20131017,6.3,16.1
20131018,6.2,13.5
20131019,9.6,16.7
20131020,12.3,18.7
20131021,12,17.6
20131022,12.7,21.8
20131023,12.3,18.8
20131024,7,16.8
20131025,9.7,18
20131026,14.4,19.5
20131027,12.6,15.6
20131028,10.4,17.4
20131029,7.9,13.5
20131030,7.2,13.6
20131031,7.1,13.3
20131101,9.7,12.6
20131102,8.6,12.7
20131103,7.4,11
20131104,7.3,12.4
20131105,5.3,9.5
20131106,7,14.3
20131107,9.2,14.3
20131108,5.7,11.1
20131109,5.3,10.8
20131110,0.8,10.1
20131111,-0.4,9.5
20131112,2.7,8.7
20131113,-0.2,11.9
20131114,4.9,8.3
20131115,0.4,11.6
20131116,4.2,6.5
20131117,5.3,7.3
20131118,3.8,6.6
20131119,0.8,8.7
20131120,-1.9,6.1
20131121,0.8,5.1
20131122,1.5,5.9
20131123,0.4,8.1
20131124,3.2,8.4
20131125,3.1,8
20131126,1.8,7.5
20131127,0.5,8.5
20131128,7.3,10.4
20131129,5.4,8.8
20131130,2.1,9.8
20131201,1.7,9.3
20131202,-1.8,8.3
20131203,-3.1,6.2
20131204,2.2,8.4
20131205,2.5,9.1
20131206,1.4,5.4
20131207,3.4,8.1
20131208,6.5,9.6
20131209,7.4,11.1
20131210,0.4,9.1
20131211,-1.3,4.1
20131212,-0.1,5.2
20131213,-0.2,4.4
20131214,2.9,8.8
20131215,6.6,9
20131216,7.9,12.7
20131217,5.2,10.6
20131218,6.1,8.9
20131219,3.1,9.4
20131220,3.8,8.3
20131221,6.1,7.4
20131222,6.6,10.6
20131223,4.9,11.6
20131224,7.1,11.5
20131225,1.7,8.7
20131226,1.7,7
20131227,2.8,9.2
20131228,4.8,9.1
20131229,2.7,7.9
20131230,2.1,7.5
20131231,5.2,9
20140101,4.8,9.9
20140102,5.5,10.3
20140103,5.6,12.2
20140104,5.9,9.3
20140105,4.1,8.4
20140106,7,14.5
20140107,9.4,12.3
20140108,6.2,10
20140109,6.8,12.1
20140110,4.6,8.8
20140111,3.3,7.8
20140112,-2,6.2
20140113,2.2,9.9
20140114,2.2,7.1
20140115,2.4,6.4
20140116,5.9,8.9
20140117,6.1,9
20140118,5.5,8.6
20140119,4.6,7.1
20140120,1.4,6
20140121,1.7,5.4
20140122,2,4.3
20140123,1.6,5.2
20140124,2.3,6.7
20140125,2.4,6.3
20140126,3.7,6.8
20140127,2.5,6.2
20140128,2.3,6.8
20140129,-2.1,2.5
20140130,-2.4,5
20140131,-3,7.4
20140201,4.3,8.4
20140202,2.6,8
20140203,0.5,8.2
20140204,2.3,9.4
20140205,4,10.4
20140206,5.7,9.6
20140207,4.4,10.3
20140208,4.2,9
20140209,4.4,7.6
20140210,2.3,9
20140211,3.9,8.3
20140212,3.1,9.1
20140213,3.1,6.9
20140214,2.1,8.8
20140215,7.5,13.4
20140216,-0.1,9.4
20140217,0.3,10.4
20140218,3.5,8
20140219,6.1,11
20140220,5.4,10
20140221,4.6,10.3
20140222,4.2,10.3
20140223,3.7,11.8
20140224,3.8,12.6
20140225,5.4,12.6
20140226,3.7,11.1
20140227,2,7.8
20140228,1.9,8.5
20140301,4.3,8.2
20140302,2.6,9.8
20140303,0.6,9.9
20140304,-0.1,10.7
20140305,-0.5,12.6
20140306,-0.7,13.7
20140307,2.7,12.8
20140308,-1.5,16
20140309,4.1,19.5
20140310,1.5,18
20140311,6.1,14.4
20140312,1.8,16.8
20140313,-0.7,16.8
20140314,-0.1,12
20140315,8.6,11.8
20140316,9.4,12.2
20140317,7.5,12
20140318,7.5,10.5
20140319,8.8,15.9
20140320,4.8,21.2
20140321,4.2,11
20140322,3.6,10.5
20140323,1,9.5
20140324,-0.7,10.9
20140325,-2.3,10.8
20140326,0.3,9.6
20140327,1.4,13.7
20140328,5,17.3
20140329,3.7,19.2
20140330,3.5,20.2
20140331,9.4,20.4
20140401,6.4,20.4
20140402,4.5,21.5
20140403,7.8,22.7
20140404,11.2,15.2
20140405,6,17.7
20140406,5.5,17.7
20140407,11.9,21.2
20140408,6.3,13.8
20140409,6,14.8
20140410,10.2,15.4
20140411,5.9,15.3
20140412,2,15.8
20140413,8.2,13.1
20140414,5.5,11.7
20140415,3.2,10.7
20140416,-0.9,14.3
20140417,2.4,17.6
20140418,5.8,12.1
20140419,6.2,16.6
20140420,10,20.7
20140421,9,15.8
20140422,6.7,19
20140423,5.1,21.1
20140424,6.9,20.5
20140425,10.7,23.7
20140426,10.4,17.6
20140427,8.6,15.3
20140428,8.2,16.9
20140429,11.8,17.5
20140430,10.6,17.9
20140501,10.1,18.3
20140502,6.4,12.2
20140503,1.7,13.7
20140504,0,13.7
20140505,3.1,18.4
20140506,11.5,17.8
20140507,10.6,16.2
20140508,11.3,13.4
20140509,9.1,16.1
20140510,9.8,15.6
20140511,9,11.7
20140512,6,14.6
20140513,5.5,15
20140514,3.7,13.9
20140515,4.4,15
20140516,3.4,18.3
20140517,5.1,20.7
20140518,7.4,23.1
20140519,9.2,24.3
20140520,13.6,27.1
20140521,12.6,21.5
20140522,14.9,23
20140523,12.6,20.7
20140524,10.7,19.6
20140525,9.7,21.3
20140526,12.2,22.3
20140527,13.5,17.4
20140528,11.7,14.6
20140529,7.5,11.8
20140530,4.3,16.9
20140531,5.4,19.4
20140601,6.9,18.7
20140602,5.6,20.6
20140603,6.4,21
20140604,10.6,17.8
20140605,8.8,17.8
20140606,6.2,22.9
20140607,11.7,27.6
20140608,15.2,24.8
20140609,16,27.1
20140610,16.2,25.8
20140611,10.4,21.9
20140612,8.8,22.9
20140613,11.3,22.2
20140614,13.7,18.9
20140615,10.8,20.1
20140616,9.9,17.8
20140617,10.5,19.3
20140618,7.8,20
20140619,10.4,16.1
20140620,8.8,18
20140621,9.1,20.9
20140622,8.8,20.6
20140623,7,21.3
20140624,11.9,21.3
20140625,10.6,19.2
20140626,10.6,22.2
20140627,12.7,21.5
20140628,14.4,21
20140629,12.4,19.2
20140630,7.8,18.6
20140701,6.9,19.3
20140702,6.2,20.9
20140703,9,26.2
20140704,10.5,28.9
20140705,17.4,22.8
20140706,14.5,24.4
20140707,12.4,23.5
20140708,13,17
20140709,13,17.8
20140710,16,27.6
20140711,16.8,23.8
20140712,16.2,24.5
20140713,15.5,23.1
20140714,13.3,22.7
20140715,13.9,22.4
20140716,13.2,25.8
20140717,14.6,28.3
20140718,17.2,31.1
20140719,18.2,32.9
20140720,18.8,27.2
20140721,18,21.2
20140722,19.1,27.2
20140723,19.1,28.4
20140724,16.6,26.3
20140725,16.6,22.1
20140726,16.7,25.1
20140727,18.4,26.2
20140728,17.6,23.5
20140729,17.3,25.9
20140730,12.5,23.5
20140731,11.3,24.4
20140801,12.6,25.9
20140802,15.5,27.6
20140803,14.8,25.3
20140804,12.3,23.3
20140805,10.5,24.3
20140806,13,21.3
20140807,14.2,23
20140808,13.9,22.3
20140809,14.3,23.1
20140810,13.8,22.5
20140811,14.7,20.7
20140812,14.1,20.2
20140813,12.6,21.7
20140814,13.2,20.3
20140815,12,19.7
20140816,11.7,18.7
20140817,11.9,16.7
20140818,9.7,17.3
20140819,9.5,15.9
20140820,8.4,17.8
20140821,7.8,18.2
20140822,10.6,17.1
20140823,8.1,17.4
20140824,7.3,17.7
20140825,7.3,16.9
20140826,10.4,16.5
20140827,6.4,20.7
20140828,11.4,21.4
20140829,13.3,21.2
20140830,14.2,18.6
20140831,10.4,19
20140901,8.7,21.2
20140902,12,21.2
20140903,10.6,21.2
20140904,13,23.5
20140905,12.1,22.8
20140906,13,20.5
20140907,10.6,21.6
20140908,7.9,20.5
20140909,9.9,17.8
20140910,9.2,18.4
20140911,9.4,20.4
20140912,7.6,21.6
20140913,14,21.1
20140914,11.3,20.9
20140915,10.6,22.8
20140916,11.4,24.6
20140917,11.3,25.2
20140918,12.2,25.3
20140919,13.4,24.4
20140920,13.2,24
20140921,12.6,19.2
20140922,6.3,17.5
20140923,4.4,17.7
20140924,11,16.5
20140925,10.1,17.8
20140926,10.6,19.4
20140927,7.9,20.2
20140928,8.3,22
20140929,11.9,19.3
20140930,11.8,20.9
20141001,10.1,20.7
20141002,13.5,19.2
20141003,9.9,22.2
20141004,11.7,21.1
20141005,11.7,15.2
20141006,12.3,16.1
20141007,9.3,15.6
20141008,8.7,16.6
20141009,12.7,18
20141010,7.6,17.8
20141011,6.6,15.7
20141012,6.4,16.2
20141013,12,18.5
20141014,10,13.6
20141015,11.5,18.4
20141016,11.8,18
20141017,11.8,18.8
20141018,12.8,23
20141019,14.8,21.5
20141020,13.9,17.7
20141021,7.6,14
20141022,6.3,13.5
20141023,9.4,15.1
20141024,10.8,12.6
20141025,9.6,15.3
20141026,9.5,15.9
20141027,9.8,17
20141028,7.5,14
20141029,8.8,12.8
20141030,11.5,15.6
20141031,10.5,16.6
20141101,10.2,18.5
20141102,12.7,17.4
20141103,9.4,15.3
20141104,5.5,10.9
20141105,3.5,9.5
20141106,4.5,8.2
20141107,4.5,9.8
20141108,8.1,12.9
20141109,7.2,12.8
20141110,5.9,12.6
20141111,5.7,12.9
20141112,4.1,12.2
20141113,3.6,13.3
20141114,6.9,12.4
20141115,7.5,11
20141116,7.1,9.2
20141117,8.1,12.3
20141118,7.3,8.3
20141119,7.3,9.1
20141120,5.2,8
20141121,1.6,9
20141122,4.5,11.8
20141123,8,13.5
20141124,0.3,11.3
20141125,-1.4,9.1
20141126,2.4,6.4
20141127,6.1,8.8
20141128,2.6,9.5
20141129,1.1,4.9
20141130,1.8,3.1
20141201,1,2.4
20141202,-0.1,1.4
20141203,-3,1
20141204,-2.7,1.5
20141205,1.4,5.3
20141206,-1.8,9.1
20141207,-2.8,6.7
20141208,1.5,4.9
20141209,-2.1,4.9
20141210,4.4,9.9
20141211,4.5,7.7
20141212,4.5,9.4
20141213,0.8,6.8
20141214,-0.6,4.8
20141215,3.2,7.9
20141216,1.8,7.8
20141217,3.9,10.6
20141218,10.1,12.5
20141219,7.3,12.4
20141220,5.6,9.1
20141221,5.2,10.3
20141222,9.3,12.8
20141223,9.6,12.8
20141224,6.1,10
20141225,-0.3,7.9
20141226,-2.7,5.2
20141227,-1.6,2.9
20141228,-3.3,3.4
20141229,1.1,5.6
20141230,3.4,6.5
20141231,2.5,7.6
20150101,1,4.7
20150102,4.4,10.1
20150103,2.6,5.9
20150104,-0.3,8
20150105,0.9,3.8
20150106,0.6,5.8
20150107,2.4,7.2
20150108,3.6,8.2
20150109,5.8,13.7
20150110,5.4,13.3
20150111,4.9,8.2
20150112,6.4,10.2
20150113,4.1,11
20150114,3.1,6
20150115,5.8,10.3
20150116,2.7,8.3
20150117,-0.9,5.9
20150118,1,3.3
20150119,0.5,1.6
20150120,-2.2,3.7
20150121,-1.9,1.5
20150122,-2.9,0.4
20150123,-5.7,-1.3
20150124,-1.7,6.8
20150125,-2.1,5.6
20150126,4.1,8.3
20150127,3,7.7
20150128,3,7.2
20150129,0.2,4.5
20150130,-0.3,4.4
20150131,-2.5,4.4
20150201,-1.5,5.7
20150202,0.6,5.5
20150203,-1.6,6.3
20150204,-4,5.3
20150205,-3.8,2
20150206,-2,3.1
20150207,-5.1,5.5
20150208,3.4,6.7
20150209,4.4,7.2
20150210,4.6,7.2
20150211,3.1,5.4
20150212,-0.3,4.5
20150213,-0.3,9.9
20150214,4.7,10.2
20150215,-3.5,6.7
20150216,-4.9,7.7
20150217,-3,9
20150218,-3.4,8.1
20150219,-0.3,7.4
20150220,3.4,6.5
20150221,0.4,6.3
20150222,-1.8,6.8
20150223,2.7,9.8
20150224,3.5,8.9
20150225,1.6,8.7
20150226,3.7,8.3
20150227,-0.3,8.2
20150228,-0.5,9.1
20150301,6,10.7
20150302,1.6,8.4
20150303,3,7.5
20150304,2.8,7.6
20150305,1.1,10.3
20150306,4.6,9
20150307,4,13.9
20150308,4,15.7
20150309,6.7,11.3
20150310,-0.7,11.3
20150311,-2,9.5
20150312,-2.9,12.7
20150313,0.7,9.2
20150314,0.7,5.3
20150315,4.5,6.8
20150316,0.6,12.8
20150317,-1.7,17.8
20150318,0.6,8.8
20150319,0.7,12.6
20150320,0.6,9.3
20150321,3.9,9.3
20150322,-1.5,8.6
20150323,-2.9,9.3
20150324,-2.1,11.5
20150325,5,6.9
20150326,0.3,7.3
20150327,-0.4,8.9
20150328,-0.6,11.7
20150329,7.5,11.3
20150330,5.3,9.1
20150331,5.8,11.1
20150401,3.4,9.1
20150402,4.1,8.6
20150403,4.5,9.5
20150404,1.8,9.4
20150405,-2.2,11.3
20150406,1.6,11.7
20150407,0.6,13.2
20150408,3.9,14.2
20150409,1.9,18.1
20150410,2.7,19.6
20150411,2.6,13.6
20150412,2.1,15.5
20150413,4.1,12.8
20150414,3.2,20
20150415,5.4,23
20150416,6.4,13.4
20150417,5.2,12.9
20150418,4.1,14.4
20150419,-0.6,15.2
20150420,4.3,17.1
20150421,2.2,17.4
20150422,3.4,12.1
20150423,3.7,15.5
20150424,1.5,20.4
20150425,8.6,15
20150426,7.9,13.9
20150427,-0.3,12.6
20150428,-2.2,11.8
20150429,1.4,14.7
20150430,5.8,14.2
20150501,3.1,13.3
20150502,0.4,15.8
20150503,6.9,17
20150504,11.7,19.4
20150505,8.6,22.2
20150506,8.5,15.5
20150507,7.5,16.2
20150508,7.8,19.4
20150509,9.1,16.1
20150510,4.2,19.1
20150511,9.1,25.6
20150512,11.2,17.5
20150513,7.6,18.1
20150514,5.9,16.7
20150515,3.9,14.4
20150516,4.1,14.9
20150517,6.8,16.2
20150518,7.7,14
20150519,7.4,13.7
20150520,6.7,14.7
20150521,2.5,17.4
20150522,8.6,19.9
20150523,6,15.7
20150524,2.5,19.9
20150525,9.7,15.3
20150526,7.5,15.8
20150527,5.4,18.9
20150528,5.7,16.5
20150529,5.6,15.8
20150530,6.6,15.4
20150531,7.9,16.5
20150601,6.1,16.1
20150602,11.1,17.7
20150603,6.3,17.7
20150604,4.6,22
20150605,9.5,31.8
20150606,8.5,18.9
20150607,7.1,18.9
20150608,7.9,17.2
20150609,7.5,15
20150610,8.9,20.8
20150611,9.3,24
20150612,12.8,27.4
20150613,14.1,21.3
20150614,12.3,19.5
20150615,7.6,17.5
20150616,4.5,17.7
20150617,5.3,22.7
20150618,11.5,16.6
20150619,10.3,15.3
20150620,9.7,16.3
20150621,12.1,18.5
20150622,7.6,15.3
20150623,9.4,15.1
20150624,11.7,21.5
20150625,11.4,24
20150626,13.4,25
20150627,10.3,21.8
20150628,8.8,23.2
20150629,11.2,24.2
20150630,9.7,27.3
20150701,15.8,33.1
20150702,19,33.1
20150703,16.9,29.1
20150704,17.9,32.7
20150705,15.7,28.2
20150706,13.9,23.8
20150707,12.5,25.8
20150708,12.7,19.6
20150709,7.2,17.6
20150710,6.8,22.6
20150711,13.9,28.7
20150712,15.6,20.4
20150713,16.3,19.6
20150714,14,21.3
20150715,14.4,21.1
20150716,12,25.1
20150717,17.5,25.6
20150718,14.5,22.1
20150719,11.9,20.5
20150720,9.6,21.4
20150721,17.5,25.4
20150722,16.3,23.1
20150723,13.6,21.7
20150724,13.4,23.3
20150725,11.2,18.3
20150726,8.6,20.9
20150727,14.2,19.7
20150728,12.5,18.9
20150729,10.9,17.6
20150730,7.6,18.1
20150731,5.1,19.4
20150801,6.1,22
20150802,7.7,24.2
20150803,12.4,30
20150804,13.8,21.5
20150805,10.3,25
20150806,13.3,28.4
20150807,12.6,27
20150808,13,23
20150809,10.3,24.3
20150810,14.7,25.2
20150811,13.7,25.4
20150812,16.3,23
20150813,14.6,28.4
20150814,16.9,25.4
20150815,15.8,22.1
20150816,12.9,16.6
20150817,12.9,15.2
20150818,13.4,16.8
20150819,11.6,22.5
20150820,10.4,24.9
20150821,13.7,25.3
20150822,14.1,26.5
20150823,14.9,25.9
20150824,13.3,23.1
20150825,14,19.9
20150826,16.5,25.2
20150827,13.5,18.5
20150828,9.8,20.9
20150829,8.1,23.6
20150830,14.5,25.3
20150831,17.5,26.5
20150901,12,19.5
20150902,7.9,18.8
20150903,6.6,17.1
20150904,11.6,16.6
20150905,9.3,16.9
20150906,9.1,17
20150907,12.3,16.9
20150908,8.2,16.9
20150909,7.1,18.5
20150910,9.1,19.6
20150911,9.3,20.1
20150912,11.3,20.2
20150913,12.5,19.4
20150914,11.3,19.8
20150915,9.8,15.9
20150916,11,19.2
20150917,12.5,16.4
20150918,9.9,18.4
20150919,8.5,17.5
20150920,7.1,18.1
20150921,11,18.6
20150922,9.1,17.4
20150923,10.4,17.3
20150924,10.8,15.7
20150925,5.2,16.8
20150926,3.4,16.8
20150927,4.6,17.5
20150928,4.4,16
20150929,5.8,17.4
20150930,8.1,17.5
20151001,4.9,16.9
20151002,3.3,18.3
20151003,4.4,18.8
20151004,4.6,17.9
20151005,5.7,16.9
20151006,13.1,17.6
20151007,13.7,17.6
20151008,5.8,15.9
20151009,4,16.3
20151010,5.9,14.3
20151011,2.3,11.5
20151012,0.9,10.2
20151013,1.2,5.9
20151014,2,8
20151015,2.8,8
20151016,6.7,8.4
20151017,7.3,9
20151018,3.7,10.9
20151019,5.2,12.5
20151020,5.1,12.6
20151021,4.7,12.5
20151022,7.2,14.8
20151023,6.8,14.1
20151024,10.1,13.8
20151025,3,14.3
20151026,3,15.8
20151027,5.9,17.3
20151028,7.2,13.3
20151029,4.9,15.6
20151030,6.5,15
20151031,6.5,14.3
20151101,3,16
20151102,0.9,15.9
20151103,1.3,15.7
20151104,7.7,15.4
20151105,11.2,15.4
20151106,13.9,17.1
20151107,14.1,18.5
20151108,7.6,17.3
20151109,12,16
20151110,13.3,15.6
20151111,11.6,13.8
20151112,11.7,15.3
20151113,7.7,13.6
20151114,7.7,11.9
20151115,11.9,15
20151116,11.3,13.7
20151117,10.9,15.6
20151118,11,14.5
20151119,8.2,13.8
20151120,4.8,9.7
20151121,0.8,6.3
20151122,0,5.7
20151123,-2.6,8
20151124,3.1,6.6
20151125,2.2,7.9
20151126,0,9.6
20151127,0.8,6.5
20151128,4.5,8.7
20151129,7.4,12.5
20151130,6.5,12.6
20151201,6.8,12.4
20151202,9.4,11.9
20151203,8.4,12.7
20151204,8.2,11.2
20151205,7.2,9.1
20151206,7.4,12.4
20151207,8.8,12.4
20151208,7.3,12
20151209,5.4,9.9
20151210,4.9,7.7
20151211,5.4,8.8
20151212,3.3,11.7
20151213,3.9,11.7
20151214,6.4,10
20151215,4.8,9.1
20151216,8.9,12.9
20151217,12.4,15.3
20151218,10.6,13
20151219,10.6,14.1
20151220,9.7,13.7
20151221,8.4,11.8
20151222,10.3,14.4
20151223,7.3,13.3
20151224,6.4,13.4
20151225,6.5,14
20151226,11.1,14.4
20151227,10.2,13.1
20151228,6.5,12.1
20151229,5.4,10.3
20151230,4.9,9.1
20151231,5.5,10.5
20160101,-0.2,7.5
